어플,장르,등급,리뷰 수,크기,설치 수,타입,가격,연령층,안드로이드 버전,업데이트_년도,업데이트_달,업데이트_년달
Photo Editor & Candy Camera & Grid & ScrapBook,Art & Design,4.1,159,190,10000,무료,0,전체가,4,2018,1,2018.01
Coloring book moana,Art & Design;Pretend Play,3.9,967,140,500000,무료,0,전체가,4,2018,1,2018.01
"U Launcher Lite – FREE Live Cool Themes, Hide Apps",Art & Design,4.7,87510,8.7,5000000,무료,0,전체가,4,2018,8,2018.08
Sketch - Draw & Paint,Art & Design,4.5,215644,250,50000000,무료,0,청소년,4.2,2018,6,2018.06
Pixel Draw - Number Art Coloring Book,Art & Design;Creativity,4.3,967,2.8,100000,무료,0,전체가,4.4,2018,6,2018.06
Paper flowers instructions,Art & Design,4.4,167,5.6,50000,무료,0,전체가,2.3,2017,3,2017.03
Smoke Effect Photo Maker - Smoke Editor,Art & Design,3.8,178,190,50000,무료,0,전체가,4,2018,4,2018.04
Infinite Painter,Art & Design,4.1,36815,290,1000000,유료,$4.99,전체가,4.2,2018,6,2018.06
Garden Coloring Book,Art & Design,,13791,330,1000000,무료,0,전체가,3,2017,9,2017.09
Kids Paint Free - Drawing Fun,Art & Design;Creativity,4.7,121,3.1,10000,무료,0,전체가,4,2018,7,2018.07
Text on Photo - Fonteee,Art & Design,4.4,13880,280,1000000,무료,0,전체가,4.1,2017,10,2017.1
Name Art Photo Editor - Focus n Filters,Art & Design,4.4,8788,120,1000000,무료,0,전체가,4,2018,7,2018.07
Tattoo Name On My Photo Editor,Art & Design,,44829,200,10000000,무료,0,청소년,4.1,2018,4,2018.04
Mandala Coloring Book,Art & Design,4.6,4326,210,100000,무료,0,전체가,4.4,2018,6,2018.06
3D Color Pixel by Number - Sandbox Art Coloring,Art & Design,,1518,370,100000,유료,$1.99,전체가,2.3,2018,8,2018.08
Learn To Draw Kawaii Characters,Art & Design,3.2,55,2.7,5000,무료,0,전체가,4.2,2018,6,2018.06
Photo Designer - Write your name with shapes,Art & Design,4.7,3632,5.5,500000,무료,0,전체가,4.1,2018,7,2018.07
350 Diy Room Decor Ideas,Art & Design,4.5,27,170,10000,무료,0,전체가,2.3,2017,11,2017.11
FlipaClip - Cartoon animation,Art & Design,4.3,194216,390,5000000,무료,0,전체가,4,2018,8,2018.08
ibis Paint X,Art & Design,4.6,224399,310,10000000,무료,0,전체가,4.1,2018,7,2018.07
Logo Maker - Small Business,Art & Design,4,450,140,100000,무료,0,전체가,4.1,2018,4,2018.04
Boys Photo Editor - Six Pack & Men's Suit,Art & Design,4.1,654,120,100000,무료,0,전체가,4,2018,3,2018.03
Superheroes Wallpapers | 4K Backgrounds,Art & Design,4.7,7699,4.2,500000,무료,0,전체가,4,2018,7,2018.07
Mcqueen Coloring pages,Art & Design;Action & Adventure,,61,7,100000,유료,$4.29,전체가,4.1,2018,3,2018.03
HD Mickey Minnie Wallpapers,Art & Design,4.7,118,230,50000,무료,0,전체가,4.1,2018,7,2018.07
Harley Quinn wallpapers HD,Art & Design,4.8,192,6,10000,무료,0,전체가,3,2018,4,2018.04
Colorfit - Drawing & Coloring,Art & Design;Creativity,4.7,20260,250,500000,무료,0,전체가,4,2017,10,2017.1
Animated Photo Editor,Art & Design,4.1,203,6.1,100000,무료,0,전체가,4,2018,3,2018.03
Pencil Sketch Drawing,Art & Design,3.9,136,4.6,10000,무료,0,전체가,2.3,2018,7,2018.07
Easy Realistic Drawing Tutorial,Art & Design,4.1,223,4.2,100000,무료,0,전체가,2.3,2017,8,2017.08
Pink Silver Bow Keyboard Theme,Art & Design,4.2,1120,9.2,100000,무료,0,전체가,4,2018,7,2018.07
Art Drawing Ideas,Art & Design,4.1,227,5.2,50000,유료,$0.99,전체가,2.3,2018,5,2018.05
Anime Manga Coloring Book,Art & Design,,5035,110,100000,유료,$1.99,전체가,4,2018,7,2018.07
Easy Origami Ideas,Art & Design,4.2,1015,110,100000,유료,$1.10,전체가,4.1,2018,1,2018.01
I Creative Idea,Art & Design,4.7,353,4.2,10000,유료,$1.18,청소년,4.1,2018,4,2018.04
How to draw Ladybug and Cat Noir,Art & Design,3.8,564,9.2,100000,유료,$1.54,전체가,4.1,2018,7,2018.07
UNICORN - Color By Number & Pixel Art Coloring,Art & Design;Creativity,4.7,8145,240,500000,유료,$4.99,전체가,4.4,2018,8,2018.08
Floor Plan Creator,Art & Design,4.1,36639,,5000000,유료,$4.99,전체가,2.3,2018,7,2018.07
PIP Camera - PIP Collage Maker,Art & Design,,158,110,10000,유료,$4.99,전체가,4,2017,11,2017.11
How To Color Disney Princess - Coloring Pages,Art & Design,4,591,9.4,500000,유료,$54.55,전체가,4,2018,3,2018.03
Drawing Clothes Fashion Ideas,Art & Design,4.2,117,150,10000,유료,$4.99,전체가,4,2018,7,2018.07
Sad Poetry Photo Frames 2018,Art & Design,4.5,176,100,100000,유료,$3.61,전체가,4,2018,4,2018.04
Textgram - write on photos,Art & Design,4.4,295221,,10000000,유료,$4.99,전체가,4,2018,7,2018.07
Paint Splash!,Art & Design;Creativity,3.8,2206,1.2,100000,유료,$15.46,전체가,4.1,2018,4,2018.04
Popsicle Sticks and Similar DIY Craft Ideas,Art & Design,4.2,26,120,10000,무료,0,전체가,4.1,2018,1,2018.01
"Canva: Poster, banner, card maker & graphic design",Art & Design,4.7,174531,240,10000000,무료,0,전체가,4.1,2018,7,2018.07
Install images with music to make video without Net - 2018,Art & Design,,1070,260,100000,무료,0,전체가,4.1,2017,11,2017.11
Little Teddy Bear Colouring Book Game,Art & Design,4.2,85,8,100000,무료,0,전체가,4.1,2017,12,2017.12
How To Draw Food,Art & Design,4.3,845,7.9,100000,무료,0,전체가,2.3,2018,5,2018.05
Monster Truck Stunt 3D 2019,Auto & Vehicles,4.2,367,250,100000,무료,0,전체가,4,2018,5,2018.05
Real Tractor Farming,Auto & Vehicles,4,1598,560,1000000,무료,0,전체가,4.1,2018,7,2018.07
Ultimate F1 Racing Championship,Auto & Vehicles,3.8,284,570,100000,무료,0,전체가,4.1,2018,7,2018.07
Used Cars and Trucks for Sale,Auto & Vehicles,4.6,17057,,1000000,무료,0,전체가,4.1,2018,7,2018.07
American Muscle Car Race,Auto & Vehicles,3.9,129,350,100000,무료,0,전체가,4.1,2018,7,2018.07
Offroad Oil Tanker Driver Transport Truck 2019,Auto & Vehicles,,542,330,100000,무료,0,전체가,4.1,2018,7,2018.07
Tickets SDA 2018 and Exam from the State Traffic Safety Inspectorate with Drom.ru,Auto & Vehicles,,10479,330,100000,무료,0,전체가,4,2018,7,2018.07
Gas Prices (Germany only),Auto & Vehicles,,805,5.6,50000,무료,0,전체가,4.4,2018,7,2018.07
Extreme Rally Championship,Auto & Vehicles,4.2,129,540,100000,무료,0,전체가,4.1,2018,7,2018.07
Restart Navigator,Auto & Vehicles,4,1403,201,100000,무료,0,전체가,2.2,2014,8,2014.08
"REG - Check the regnumber, find information about Swedish vehicles",Auto & Vehicles,3.9,3971,3.6,100000,유료,$0.99,전체가,4.4,2018,7,2018.07
CityBus Lviv,Auto & Vehicles,,534,5.7,10000,유료,$4.25,전체가,4,2018,7,2018.07
CDL Practice Test 2018 Edition,Auto & Vehicles,4.9,7774,170,100000,유료,$9.75,전체가,4.2,2018,7,2018.07
"ezETC (ETC balance inquiry, meter trial, real-time traffic)",Auto & Vehicles,4.3,38846,8.6,1000000,유료,$1.18,전체가,4.1,2018,7,2018.07
Free VIN Report for Used Cars,Auto & Vehicles,4.6,2431,2.4,100000,유료,$2.54,전체가,4,2018,6,2018.06
DMV Permit Practice Test 2018 Edition,Auto & Vehicles,4.9,6090,270,100000,유료,$15.46,전체가,4.2,2018,7,2018.07
Check Vehicle Tax,Auto & Vehicles,3.9,295,2.7,10000,유료,$17.99,전체가,4.4,2018,7,2018.07
Used Cars Mexico,Auto & Vehicles,4,190,2.5,50000,유료,$4.99,전체가,2.3,2016,10,2016.1
Ulysse Speedometer,Auto & Vehicles,4.3,40211,,5000000,유료,$54.55,전체가,2.3,2018,7,2018.07
REPUVE,Auto & Vehicles,3.9,356,,100000,유료,$10.57,전체가,2.3,2018,5,2018.05
Used cars for sale - Trovit,Auto & Vehicles,4.2,52530,7,5000000,유료,$5.68,전체가,4,2018,7,2018.07
"Fines of the State Traffic Safety Inspectorate are official: inspection, payment of fines",Auto & Vehicles,4.8,116986,350,5000000,유료,$4.99,전체가,4,2018,8,2018.08
SK Enca Direct Malls - Used Cars Search,Auto & Vehicles,,1379,160,500000,유료,$1.58,전체가,4.2,2018,8,2018.08
"Android Auto - Maps, Media, Messaging & Voice",Auto & Vehicles,4.2,271920,160,10000000,무료,0,청소년,5,2018,7,2018.07
PDD-UA,Auto & Vehicles,4.8,736,,100000,무료,0,전체가,2.3,2018,7,2018.07
Tickets SDA 2019 + Exam RF,Auto & Vehicles,4.8,7021,170,500000,무료,0,전체가,4,2018,7,2018.07
Super Cars Wallpapers And Backgrounds,Auto & Vehicles,4.6,197,3.4,50000,무료,0,전체가,4,2018,6,2018.06
"Police Lights, Sirens & Follow Me",Auto & Vehicles,4.5,737,8.9,100000,무료,0,전체가,4.1,2018,6,2018.06
Police Detector (Speed Camera Radar),Auto & Vehicles,4.3,3574,3.9,1000000,무료,0,전체가,4,2018,7,2018.07
Best Car Wallpapers,Auto & Vehicles,,994,2.9,100000,무료,0,전체가,4.1,2018,3,2018.03
Tickets + PDA 2018 Exam,Auto & Vehicles,4.9,197136,380,1000000,무료,0,전체가,4.1,2018,7,2018.07
Pick Your Part Garage,Auto & Vehicles,3.9,142,320,50000,무료,0,전체가,6,2018,7,2018.07
PakWheels: Buy & Sell Cars,Auto & Vehicles,4.4,15168,370,1000000,무료,0,전체가,4.2,2018,7,2018.07
Supervision service,Auto & Vehicles,4,2155,150,500000,무료,0,전체가,5,2018,7,2018.07
Speed Camera Detector - Traffic & Speed Alert,Auto & Vehicles,4.3,138,5.4,100000,무료,0,전체가,4,2018,7,2018.07
Used car search Goo net whole car Go to net,Auto & Vehicles,3.7,5414,180,1000000,무료,0,전체가,4.4,2018,7,2018.07
CarMax – Cars for Sale: Search Used Car Inventory,Auto & Vehicles,,21777,,1000000,무료,0,전체가,4.4,2018,8,2018.08
BEST CAR SOUNDS,Auto & Vehicles,4.3,348,380,100000,무료,0,전체가,2.3,2018,7,2018.07
RST - Sale of cars on the PCT,Auto & Vehicles,3.2,250,1.1,100000,무료,0,전체가,4,2018,4,2018.04
AutoScout24 Switzerland – Find your new car,Auto & Vehicles,4.6,13372,,1000000,무료,0,전체가,4,2018,8,2018.08
Zona Azul Digital Fácil SP CET - OFFICIAL São Paulo,Auto & Vehicles,4.6,7880,,100000,무료,0,전체가,4,2018,5,2018.05
SMS Park,Auto & Vehicles,4.5,3617,7.9,100000,무료,0,전체가,4.1,2018,5,2018.05
SKencar,Auto & Vehicles,3.7,4806,350,1000000,무료,0,전체가,4,2018,7,2018.07
Fuelio: Gas log & costs,Auto & Vehicles,,65786,,1000000,무료,0,전체가,4,2018,8,2018.08
auto fines,Auto & Vehicles,4.6,31433,170,1000000,무료,0,전체가,4,2018,8,2018.08
"Used car is the first car - used car purchase, used car quotation, dealer information to",Auto & Vehicles,4.6,5097,190,1000000,무료,0,전체가,4,2018,7,2018.07
All of the parking lot - National Park application (parking lot search / parking sharing / discount payment),Auto & Vehicles,4,1754,140,500000,무료,0,전체가,4,2018,6,2018.06
Inquiry Fines and Debits of Vehicles,Auto & Vehicles,,2680,2.2,500000,무료,0,전체가,4,2018,3,2018.03
Gas Station,Auto & Vehicles,4,1288,4.5,100000,무료,0,전체가,4,2018,4,2018.04
Hush - Beauty for 전체가,Beauty,4.7,18900,170,500000,무료,0,전체가,5,2018,8,2018.08
"ipsy: Makeup, Beauty, and Tips",Beauty,,49790,140,1000000,무료,0,전체가,4.1,2017,11,2017.11